[
  { "shape_id": "10001", "trip_headsign": "Abente y Lago" },
  { "shape_id": "10000", "trip_headsign": "Castrillón" },
  { "shape_id": "20000", "trip_headsign": "Os Castros" },
  { "shape_id": "20001", "trip_headsign": "Abente y Lago" },
  { "shape_id": "30000", "trip_headsign": "P.Real - Durmideiras" },
  { "shape_id": "30003", "trip_headsign": "B.Maza - San Pedro de Visma" }, 
  { "shape_id": "30001", "trip_headsign": "B.Maza - San Pedro de Visma" },
  { "shape_id": "30100", "trip_headsign": "B.Maza - Durmideiras" },
  { "shape_id": "30101", "trip_headsign": "P.Real - San Pedro de Visma" },
  { "shape_id": "40000", "trip_headsign": "Barrio das Flores" },
  { "shape_id": "40001", "trip_headsign": "Av. de Hércules" },
  { "shape_id": "50000", "trip_headsign": "Espacio Coruña" },
  { "shape_id": "50002", "trip_headsign": "Espacio Coruña" },
  { "shape_id": "60002", "trip_headsign": "Meicende - Nostián" },
  { "shape_id": "60003", "trip_headsign": "Av. de Hércules" },
  { "shape_id": "60001", "trip_headsign": "Av. de Hércules" },
  { "shape_id": "60101", "trip_headsign": "Av. de Hércules" },
  { "shape_id": "70001", "trip_headsign": "Av. de Hércules" },
  { "shape_id": "80000", "trip_headsign": "Hosp.Oza - As Xubias" },
  { "shape_id": "80002", "trip_headsign": "Hosp.Oza - As Xubias" },
  { "shape_id": "110000", "trip_headsign": "Os Mallos - Área C.Marineda" },
  { "shape_id": "110001", "trip_headsign": "As Lagoas" },
  { "shape_id": "120000", "trip_headsign": "CHUAC - Materno Inf." },
  { "shape_id": "120001", "trip_headsign": "Os Rosales" },
  { "shape_id": "140000", "trip_headsign": "Castrillón" },
  { "shape_id": "140001", "trip_headsign": "Os Rosales" },
  { "shape_id": "150000", "trip_headsign": "CHUAC - Materno Inf."},
  { "shape_id": "150000", "trip_headsign": "Cidade Escolar" },
  { "shape_id": "170000", "trip_headsign": "CHUAC - Materno Inf." },
  { "shape_id": "170001", "trip_headsign": "Av. de Hércules" },
  { "shape_id": "180000", "trip_headsign": "Servizo Nocturno" },
  { "shape_id": "180001", "trip_headsign": "Servizo Nocturno" },
  { "shape_id": "180100", "trip_headsign": "Servizo Nocturno Inverso" },
  { "shape_id": "180101", "trip_headsign": "Servizo Nocturno Inverso" },
  { "shape_id": "190000", "trip_headsign": "A Pasaxe" },
  { "shape_id": "200000", "trip_headsign": "CHUAC - A Pasaxe" },
  { "shape_id": "200001", "trip_headsign": "A.Molina - Pza.Pontevedra" },
  { "shape_id": "200003", "trip_headsign": "Pza.Pontevedra - Cocheiras" },
  { "shape_id": "210000", "trip_headsign": "Novo Mesoiro" },
  { "shape_id": "210001", "trip_headsign": "Juana de Vega" },
  { "shape_id": "220000", "trip_headsign": "A.Molina - A Pasaxe" },
  { "shape_id": "220001", "trip_headsign": "CHUAC - Pza.Pontevedra" },
  { "shape_id": "220003", "trip_headsign": "Pza.Pontevedra - Cocheiras" },
  { "shape_id": "230001", "trip_headsign": "Abente y Lago" },
  { "shape_id": "230000", "trip_headsign": "Urb.Breogán" },
  { "shape_id": "230101", "trip_headsign": "Abente y Lago" },
  { "shape_id": "230100", "trip_headsign": "Urb.Breogán" },
  { "shape_id": "240002", "trip_headsign": "Zapateira - Vallesur" },
  { "shape_id": "240003", "trip_headsign": "Pza. Pontevedra" },
  { "shape_id": "240000", "trip_headsign": "Zapateira - O Carón" },
  { "shape_id": "240001", "trip_headsign": "Pza. Pontevedra" },
  { "shape_id": "245000", "trip_headsign": "Universidade" },
  { "shape_id": "245001", "trip_headsign": "Pza. Pontevedra" },
  { "shape_id": "245003", "trip_headsign": "Pza.Pontevedra - Cocheiras" }
]
